device,label,image,variant,variant_order,variant_time_ms,detected,is_first_success,time_to_first_success_ms,image_total_time_ms
cuda,local RTX 2060 SUPER,rgb_1783949112825.png,,,,False,False,,1512.885
cuda,local RTX 2060 SUPER,rgb_1783949114367.png,,,,False,False,,9.550
cuda,local RTX 2060 SUPER,rgb_1783949115685.png,,,,False,False,,8.067
cuda,local RTX 2060 SUPER,rgb_1783949116840.png,,,,False,False,,8.551
cuda,local RTX 2060 SUPER,rgb_1783949169596.png,,,,False,False,,7.353
cuda,local RTX 2060 SUPER,rgb_1783949170196.png,,,,False,False,,7.473
cuda,local RTX 2060 SUPER,rgb_1783949170753.png,,,,False,False,,7.739
cuda,local RTX 2060 SUPER,rgb_1783949171301.png,,,,False,False,,7.473
cuda,local RTX 2060 SUPER,rgb_1783949185888.png,,,,False,False,,8.694
cuda,local RTX 2060 SUPER,rgb_1783949186540.png,,,,False,False,,7.141
cuda,local RTX 2060 SUPER,rgb_1783949187327.png,,,,False,False,,7.228
cuda,local RTX 2060 SUPER,rgb_1783949188101.png,,,,False,False,,7.081
cuda,local RTX 2060 SUPER,rgb_1783949209638.png,,,,False,False,,7.492
cuda,local RTX 2060 SUPER,rgb_1783949210190.png,,,,False,False,,7.082
cuda,local RTX 2060 SUPER,rgb_1783949211054.png,,,,False,False,,7.274
cuda,local RTX 2060 SUPER,rgb_1783949211628.png,,,,False,False,,9.531
cuda,local RTX 2060 SUPER,rgb_1783949327576.png,original,1,0.623,False,False,,
cuda,local RTX 2060 SUPER,rgb_1783949327576.png,upscale_4x,2,4.033,True,True,4.657,
cuda,local RTX 2060 SUPER,rgb_1783949327576.png,clahe,3,1.057,True,False,,
cuda,local RTX 2060 SUPER,rgb_1783949327576.png,sharpen,4,4.175,False,False,,
cuda,local RTX 2060 SUPER,rgb_1783949327576.png,gamma_1.5,5,0.316,False,False,,
cuda,local RTX 2060 SUPER,rgb_1783949327576.png,gamma_0.7,6,0.390,False,False,,
cuda,local RTX 2060 SUPER,rgb_1783949327576.png,gamma_0.5,7,0.406,False,False,,
cuda,local RTX 2060 SUPER,rgb_1783949327576.png,upscale_4x+clahe,8,1.697,True,False,,
cuda,local RTX 2060 SUPER,rgb_1783949327576.png,upscale_4x+sharpen,9,1.361,True,False,,22.234
cuda,local RTX 2060 SUPER,rgb_1783949328263.png,original,1,0.314,False,False,,
cuda,local RTX 2060 SUPER,rgb_1783949328263.png,upscale_4x,2,0.778,True,True,1.093,
cuda,local RTX 2060 SUPER,rgb_1783949328263.png,clahe,3,0.218,False,False,,
cuda,local RTX 2060 SUPER,rgb_1783949328263.png,sharpen,4,0.434,False,False,,
cuda,local RTX 2060 SUPER,rgb_1783949328263.png,gamma_1.5,5,0.314,False,False,,
cuda,local RTX 2060 SUPER,rgb_1783949328263.png,gamma_0.7,6,0.386,False,False,,
cuda,local RTX 2060 SUPER,rgb_1783949328263.png,gamma_0.5,7,0.389,False,False,,
cuda,local RTX 2060 SUPER,rgb_1783949328263.png,upscale_4x+clahe,8,1.595,True,False,,
cuda,local RTX 2060 SUPER,rgb_1783949328263.png,upscale_4x+sharpen,9,1.263,True,False,,13.925
cuda,local RTX 2060 SUPER,rgb_1783949329379.png,original,1,0.332,False,False,,
cuda,local RTX 2060 SUPER,rgb_1783949329379.png,upscale_4x,2,0.856,True,True,1.188,
cuda,local RTX 2060 SUPER,rgb_1783949329379.png,clahe,3,0.448,True,False,,
cuda,local RTX 2060 SUPER,rgb_1783949329379.png,sharpen,4,0.451,False,False,,
cuda,local RTX 2060 SUPER,rgb_1783949329379.png,gamma_1.5,5,0.319,False,False,,
cuda,local RTX 2060 SUPER,rgb_1783949329379.png,gamma_0.7,6,0.362,False,False,,
cuda,local RTX 2060 SUPER,rgb_1783949329379.png,gamma_0.5,7,0.419,False,False,,
cuda,local RTX 2060 SUPER,rgb_1783949329379.png,upscale_4x+clahe,8,1.650,True,False,,
cuda,local RTX 2060 SUPER,rgb_1783949329379.png,upscale_4x+sharpen,9,1.384,True,False,,14.308
cuda,local RTX 2060 SUPER,rgb_1783949330463.png,original,1,0.340,False,False,,
cuda,local RTX 2060 SUPER,rgb_1783949330463.png,upscale_4x,2,0.808,True,True,1.148,
cuda,local RTX 2060 SUPER,rgb_1783949330463.png,clahe,3,0.482,True,False,,
cuda,local RTX 2060 SUPER,rgb_1783949330463.png,sharpen,4,0.442,False,False,,
cuda,local RTX 2060 SUPER,rgb_1783949330463.png,gamma_1.5,5,0.314,False,False,,
cuda,local RTX 2060 SUPER,rgb_1783949330463.png,gamma_0.7,6,0.374,False,False,,
cuda,local RTX 2060 SUPER,rgb_1783949330463.png,gamma_0.5,7,0.393,False,False,,
cuda,local RTX 2060 SUPER,rgb_1783949330463.png,upscale_4x+clahe,8,1.633,True,False,,
cuda,local RTX 2060 SUPER,rgb_1783949330463.png,upscale_4x+sharpen,9,1.330,True,False,,14.379
cuda,local RTX 2060 SUPER,rgb_1783949345237.png,original,1,0.402,False,False,,
cuda,local RTX 2060 SUPER,rgb_1783949345237.png,upscale_4x,2,0.839,True,True,1.241,
cuda,local RTX 2060 SUPER,rgb_1783949345237.png,clahe,3,0.307,False,False,,
cuda,local RTX 2060 SUPER,rgb_1783949345237.png,sharpen,4,0.418,False,False,,
cuda,local RTX 2060 SUPER,rgb_1783949345237.png,gamma_1.5,5,0.301,False,False,,
cuda,local RTX 2060 SUPER,rgb_1783949345237.png,gamma_0.7,6,0.379,False,False,,
cuda,local RTX 2060 SUPER,rgb_1783949345237.png,gamma_0.5,7,0.312,False,False,,
cuda,local RTX 2060 SUPER,rgb_1783949345237.png,upscale_4x+clahe,8,1.293,True,False,,
cuda,local RTX 2060 SUPER,rgb_1783949345237.png,upscale_4x+sharpen,9,1.300,True,False,,13.897
cuda,local RTX 2060 SUPER,rgb_1783949345784.png,original,1,0.405,False,False,,
cuda,local RTX 2060 SUPER,rgb_1783949345784.png,upscale_4x,2,0.844,True,True,1.249,
cuda,local RTX 2060 SUPER,rgb_1783949345784.png,clahe,3,0.532,True,False,,
cuda,local RTX 2060 SUPER,rgb_1783949345784.png,sharpen,4,0.382,False,False,,
cuda,local RTX 2060 SUPER,rgb_1783949345784.png,gamma_1.5,5,0.352,False,False,,
cuda,local RTX 2060 SUPER,rgb_1783949345784.png,gamma_0.7,6,0.396,False,False,,
cuda,local RTX 2060 SUPER,rgb_1783949345784.png,gamma_0.5,7,0.333,False,False,,
cuda,local RTX 2060 SUPER,rgb_1783949345784.png,upscale_4x+clahe,8,1.439,True,False,,
cuda,local RTX 2060 SUPER,rgb_1783949345784.png,upscale_4x+sharpen,9,1.376,True,False,,14.752
cuda,local RTX 2060 SUPER,rgb_1783949346331.png,original,1,0.329,False,False,,
cuda,local RTX 2060 SUPER,rgb_1783949346331.png,upscale_4x,2,0.791,True,True,1.120,
cuda,local RTX 2060 SUPER,rgb_1783949346331.png,clahe,3,0.324,False,False,,
cuda,local RTX 2060 SUPER,rgb_1783949346331.png,sharpen,4,0.388,False,False,,
cuda,local RTX 2060 SUPER,rgb_1783949346331.png,gamma_1.5,5,0.306,False,False,,
cuda,local RTX 2060 SUPER,rgb_1783949346331.png,gamma_0.7,6,0.409,False,False,,
cuda,local RTX 2060 SUPER,rgb_1783949346331.png,gamma_0.5,7,0.333,False,False,,
cuda,local RTX 2060 SUPER,rgb_1783949346331.png,upscale_4x+clahe,8,1.384,True,False,,
cuda,local RTX 2060 SUPER,rgb_1783949346331.png,upscale_4x+sharpen,9,1.310,True,False,,14.050
cuda,local RTX 2060 SUPER,rgb_1783949346875.png,original,1,0.325,False,False,,
cuda,local RTX 2060 SUPER,rgb_1783949346875.png,upscale_4x,2,0.673,True,True,0.998,
cuda,local RTX 2060 SUPER,rgb_1783949346875.png,clahe,3,0.611,True,False,,
cuda,local RTX 2060 SUPER,rgb_1783949346875.png,sharpen,4,0.373,False,False,,
cuda,local RTX 2060 SUPER,rgb_1783949346875.png,gamma_1.5,5,0.285,False,False,,
cuda,local RTX 2060 SUPER,rgb_1783949346875.png,gamma_0.7,6,0.385,False,False,,
cuda,local RTX 2060 SUPER,rgb_1783949346875.png,gamma_0.5,7,0.324,False,False,,
cuda,local RTX 2060 SUPER,rgb_1783949346875.png,upscale_4x+clahe,8,1.331,True,False,,
cuda,local RTX 2060 SUPER,rgb_1783949346875.png,upscale_4x+sharpen,9,1.177,True,False,,13.896
cuda,local RTX 2060 SUPER,rgb_1783949362991.png,original,1,0.450,False,False,,
cuda,local RTX 2060 SUPER,rgb_1783949362991.png,upscale_4x,2,0.977,True,True,1.428,
cuda,local RTX 2060 SUPER,rgb_1783949362991.png,clahe,3,0.811,True,False,,
cuda,local RTX 2060 SUPER,rgb_1783949362991.png,sharpen,4,0.486,False,False,,
cuda,local RTX 2060 SUPER,rgb_1783949362991.png,gamma_1.5,5,0.498,False,False,,
cuda,local RTX 2060 SUPER,rgb_1783949362991.png,gamma_0.7,6,0.480,False,False,,
cuda,local RTX 2060 SUPER,rgb_1783949362991.png,gamma_0.5,7,0.410,False,False,,
cuda,local RTX 2060 SUPER,rgb_1783949362991.png,upscale_4x+clahe,8,1.944,True,False,,
cuda,local RTX 2060 SUPER,rgb_1783949362991.png,upscale_4x+sharpen,9,1.987,True,False,,16.859
cuda,local RTX 2060 SUPER,rgb_1783949363991.png,original,1,0.443,False,False,,
cuda,local RTX 2060 SUPER,rgb_1783949363991.png,upscale_4x,2,0.951,True,True,1.393,
cuda,local RTX 2060 SUPER,rgb_1783949363991.png,clahe,3,0.487,False,False,,
cuda,local RTX 2060 SUPER,rgb_1783949363991.png,sharpen,4,0.458,False,False,,
cuda,local RTX 2060 SUPER,rgb_1783949363991.png,gamma_1.5,5,0.543,False,False,,
cuda,local RTX 2060 SUPER,rgb_1783949363991.png,gamma_0.7,6,0.437,False,False,,
cuda,local RTX 2060 SUPER,rgb_1783949363991.png,gamma_0.5,7,0.409,False,False,,
cuda,local RTX 2060 SUPER,rgb_1783949363991.png,upscale_4x+clahe,8,2.017,True,False,,
cuda,local RTX 2060 SUPER,rgb_1783949363991.png,upscale_4x+sharpen,9,2.009,True,False,,15.637
cuda,local RTX 2060 SUPER,rgb_1783949365000.png,original,1,0.492,False,False,,
cuda,local RTX 2060 SUPER,rgb_1783949365000.png,upscale_4x,2,0.874,True,True,1.366,
cuda,local RTX 2060 SUPER,rgb_1783949365000.png,clahe,3,0.774,True,False,,
cuda,local RTX 2060 SUPER,rgb_1783949365000.png,sharpen,4,0.460,False,False,,
cuda,local RTX 2060 SUPER,rgb_1783949365000.png,gamma_1.5,5,0.506,False,False,,
cuda,local RTX 2060 SUPER,rgb_1783949365000.png,gamma_0.7,6,0.443,False,False,,
cuda,local RTX 2060 SUPER,rgb_1783949365000.png,gamma_0.5,7,0.405,False,False,,
cuda,local RTX 2060 SUPER,rgb_1783949365000.png,upscale_4x+clahe,8,1.821,True,False,,
cuda,local RTX 2060 SUPER,rgb_1783949365000.png,upscale_4x+sharpen,9,1.832,True,False,,16.058
cuda,local RTX 2060 SUPER,rgb_1783949365601.png,original,1,0.421,False,False,,
cuda,local RTX 2060 SUPER,rgb_1783949365601.png,upscale_4x,2,1.156,True,True,1.577,
cuda,local RTX 2060 SUPER,rgb_1783949365601.png,clahe,3,0.837,True,False,,
cuda,local RTX 2060 SUPER,rgb_1783949365601.png,sharpen,4,0.452,False,False,,
cuda,local RTX 2060 SUPER,rgb_1783949365601.png,gamma_1.5,5,0.566,False,False,,
cuda,local RTX 2060 SUPER,rgb_1783949365601.png,gamma_0.7,6,0.421,False,False,,
cuda,local RTX 2060 SUPER,rgb_1783949365601.png,gamma_0.5,7,0.402,False,False,,
cuda,local RTX 2060 SUPER,rgb_1783949365601.png,upscale_4x+clahe,8,2.078,True,False,,
cuda,local RTX 2060 SUPER,rgb_1783949365601.png,upscale_4x+sharpen,9,2.037,True,False,,16.204
cuda,local RTX 2060 SUPER,rgb_1783949382812.png,original,1,0.337,True,True,0.337,
cuda,local RTX 2060 SUPER,rgb_1783949382812.png,upscale_4x,2,0.800,True,False,,
cuda,local RTX 2060 SUPER,rgb_1783949382812.png,clahe,3,0.551,True,False,,
cuda,local RTX 2060 SUPER,rgb_1783949382812.png,sharpen,4,0.414,True,False,,
cuda,local RTX 2060 SUPER,rgb_1783949382812.png,gamma_1.5,5,0.338,True,False,,
cuda,local RTX 2060 SUPER,rgb_1783949382812.png,gamma_0.7,6,0.296,True,False,,
cuda,local RTX 2060 SUPER,rgb_1783949382812.png,gamma_0.5,7,0.184,False,False,,
cuda,local RTX 2060 SUPER,rgb_1783949382812.png,upscale_4x+clahe,8,1.018,True,False,,
cuda,local RTX 2060 SUPER,rgb_1783949382812.png,upscale_4x+sharpen,9,1.263,True,False,,13.125
cuda,local RTX 2060 SUPER,rgb_1783949383666.png,original,1,0.332,True,True,0.332,
cuda,local RTX 2060 SUPER,rgb_1783949383666.png,upscale_4x,2,0.823,True,False,,
cuda,local RTX 2060 SUPER,rgb_1783949383666.png,clahe,3,0.579,True,False,,
cuda,local RTX 2060 SUPER,rgb_1783949383666.png,sharpen,4,0.422,True,False,,
cuda,local RTX 2060 SUPER,rgb_1783949383666.png,gamma_1.5,5,0.307,True,False,,
cuda,local RTX 2060 SUPER,rgb_1783949383666.png,gamma_0.7,6,0.344,True,False,,
cuda,local RTX 2060 SUPER,rgb_1783949383666.png,gamma_0.5,7,0.317,True,False,,
cuda,local RTX 2060 SUPER,rgb_1783949383666.png,upscale_4x+clahe,8,1.060,True,False,,
cuda,local RTX 2060 SUPER,rgb_1783949383666.png,upscale_4x+sharpen,9,1.264,True,False,,13.259
cuda,local RTX 2060 SUPER,rgb_1783949384499.png,original,1,0.341,True,True,0.341,
cuda,local RTX 2060 SUPER,rgb_1783949384499.png,upscale_4x,2,0.794,True,False,,
cuda,local RTX 2060 SUPER,rgb_1783949384499.png,clahe,3,0.466,True,False,,
cuda,local RTX 2060 SUPER,rgb_1783949384499.png,sharpen,4,0.409,True,False,,
cuda,local RTX 2060 SUPER,rgb_1783949384499.png,gamma_1.5,5,0.332,True,False,,
cuda,local RTX 2060 SUPER,rgb_1783949384499.png,gamma_0.7,6,0.318,True,False,,
cuda,local RTX 2060 SUPER,rgb_1783949384499.png,gamma_0.5,7,0.306,True,False,,
cuda,local RTX 2060 SUPER,rgb_1783949384499.png,upscale_4x+clahe,8,1.088,True,False,,
cuda,local RTX 2060 SUPER,rgb_1783949384499.png,upscale_4x+sharpen,9,1.312,True,False,,13.128
cuda,local RTX 2060 SUPER,rgb_1783949385192.png,original,1,0.348,True,True,0.348,
cuda,local RTX 2060 SUPER,rgb_1783949385192.png,upscale_4x,2,0.801,True,False,,
cuda,local RTX 2060 SUPER,rgb_1783949385192.png,clahe,3,0.510,True,False,,
cuda,local RTX 2060 SUPER,rgb_1783949385192.png,sharpen,4,0.425,True,False,,
cuda,local RTX 2060 SUPER,rgb_1783949385192.png,gamma_1.5,5,0.314,True,False,,
cuda,local RTX 2060 SUPER,rgb_1783949385192.png,gamma_0.7,6,0.309,True,False,,
cuda,local RTX 2060 SUPER,rgb_1783949385192.png,gamma_0.5,7,0.329,True,False,,
cuda,local RTX 2060 SUPER,rgb_1783949385192.png,upscale_4x+clahe,8,1.042,True,False,,
cuda,local RTX 2060 SUPER,rgb_1783949385192.png,upscale_4x+sharpen,9,1.263,True,False,,13.406
cuda,local RTX 2060 SUPER,rgb_1783949397026.png,original,1,0.334,True,True,0.334,
cuda,local RTX 2060 SUPER,rgb_1783949397026.png,upscale_4x,2,0.643,True,False,,
cuda,local RTX 2060 SUPER,rgb_1783949397026.png,clahe,3,0.471,True,False,,
cuda,local RTX 2060 SUPER,rgb_1783949397026.png,sharpen,4,0.351,True,False,,
cuda,local RTX 2060 SUPER,rgb_1783949397026.png,gamma_1.5,5,0.337,True,False,,
cuda,local RTX 2060 SUPER,rgb_1783949397026.png,gamma_0.7,6,0.319,True,False,,
cuda,local RTX 2060 SUPER,rgb_1783949397026.png,gamma_0.5,7,0.150,False,False,,
cuda,local RTX 2060 SUPER,rgb_1783949397026.png,upscale_4x+clahe,8,0.865,True,False,,
cuda,local RTX 2060 SUPER,rgb_1783949397026.png,upscale_4x+sharpen,9,1.146,True,False,,12.301
cuda,local RTX 2060 SUPER,rgb_1783949397687.png,original,1,0.342,True,True,0.342,
cuda,local RTX 2060 SUPER,rgb_1783949397687.png,upscale_4x,2,0.673,True,False,,
cuda,local RTX 2060 SUPER,rgb_1783949397687.png,clahe,3,0.538,True,False,,
cuda,local RTX 2060 SUPER,rgb_1783949397687.png,sharpen,4,0.389,True,False,,
cuda,local RTX 2060 SUPER,rgb_1783949397687.png,gamma_1.5,5,0.304,True,False,,
cuda,local RTX 2060 SUPER,rgb_1783949397687.png,gamma_0.7,6,0.398,True,False,,
cuda,local RTX 2060 SUPER,rgb_1783949397687.png,gamma_0.5,7,0.147,False,False,,
cuda,local RTX 2060 SUPER,rgb_1783949397687.png,upscale_4x+clahe,8,0.966,True,False,,
cuda,local RTX 2060 SUPER,rgb_1783949397687.png,upscale_4x+sharpen,9,1.208,True,False,,12.824
cuda,local RTX 2060 SUPER,rgb_1783949398349.png,original,1,0.343,True,True,0.343,
cuda,local RTX 2060 SUPER,rgb_1783949398349.png,upscale_4x,2,0.755,True,False,,
cuda,local RTX 2060 SUPER,rgb_1783949398349.png,clahe,3,0.617,True,False,,
cuda,local RTX 2060 SUPER,rgb_1783949398349.png,sharpen,4,0.381,True,False,,
cuda,local RTX 2060 SUPER,rgb_1783949398349.png,gamma_1.5,5,0.316,True,False,,
cuda,local RTX 2060 SUPER,rgb_1783949398349.png,gamma_0.7,6,0.448,True,False,,
cuda,local RTX 2060 SUPER,rgb_1783949398349.png,gamma_0.5,7,0.148,False,False,,
cuda,local RTX 2060 SUPER,rgb_1783949398349.png,upscale_4x+clahe,8,0.866,True,False,,
cuda,local RTX 2060 SUPER,rgb_1783949398349.png,upscale_4x+sharpen,9,1.183,True,False,,12.666
cuda,local RTX 2060 SUPER,rgb_1783949399009.png,original,1,0.402,True,True,0.402,
cuda,local RTX 2060 SUPER,rgb_1783949399009.png,upscale_4x,2,0.701,True,False,,
cuda,local RTX 2060 SUPER,rgb_1783949399009.png,clahe,3,0.560,True,False,,
cuda,local RTX 2060 SUPER,rgb_1783949399009.png,sharpen,4,0.377,True,False,,
cuda,local RTX 2060 SUPER,rgb_1783949399009.png,gamma_1.5,5,0.291,True,False,,
cuda,local RTX 2060 SUPER,rgb_1783949399009.png,gamma_0.7,6,0.375,True,False,,
cuda,local RTX 2060 SUPER,rgb_1783949399009.png,gamma_0.5,7,0.135,False,False,,
cuda,local RTX 2060 SUPER,rgb_1783949399009.png,upscale_4x+clahe,8,0.867,True,False,,
cuda,local RTX 2060 SUPER,rgb_1783949399009.png,upscale_4x+sharpen,9,1.128,True,False,,12.458
cuda,local RTX 2060 SUPER,rgb_1783949419102.png,original,1,0.627,True,True,0.627,
cuda,local RTX 2060 SUPER,rgb_1783949419102.png,upscale_4x,2,1.414,True,False,,
cuda,local RTX 2060 SUPER,rgb_1783949419102.png,clahe,3,0.922,True,False,,
cuda,local RTX 2060 SUPER,rgb_1783949419102.png,sharpen,4,0.784,True,False,,
cuda,local RTX 2060 SUPER,rgb_1783949419102.png,gamma_1.5,5,0.604,True,False,,
cuda,local RTX 2060 SUPER,rgb_1783949419102.png,gamma_0.7,6,0.572,True,False,,
cuda,local RTX 2060 SUPER,rgb_1783949419102.png,gamma_0.5,7,0.366,False,False,,
cuda,local RTX 2060 SUPER,rgb_1783949419102.png,upscale_4x+clahe,8,2.181,True,False,,
cuda,local RTX 2060 SUPER,rgb_1783949419102.png,upscale_4x+sharpen,9,2.507,True,False,,17.639
cuda,local RTX 2060 SUPER,rgb_1783949420479.png,original,1,0.606,True,True,0.606,
cuda,local RTX 2060 SUPER,rgb_1783949420479.png,upscale_4x,2,1.372,True,False,,
cuda,local RTX 2060 SUPER,rgb_1783949420479.png,clahe,3,0.890,True,False,,
cuda,local RTX 2060 SUPER,rgb_1783949420479.png,sharpen,4,0.741,True,False,,
cuda,local RTX 2060 SUPER,rgb_1783949420479.png,gamma_1.5,5,0.543,True,False,,
cuda,local RTX 2060 SUPER,rgb_1783949420479.png,gamma_0.7,6,0.514,True,False,,
cuda,local RTX 2060 SUPER,rgb_1783949420479.png,gamma_0.5,7,0.457,False,False,,
cuda,local RTX 2060 SUPER,rgb_1783949420479.png,upscale_4x+clahe,8,2.045,True,False,,
cuda,local RTX 2060 SUPER,rgb_1783949420479.png,upscale_4x+sharpen,9,2.484,True,False,,17.518
cuda,local RTX 2060 SUPER,rgb_1783949421314.png,original,1,0.544,True,True,0.544,
cuda,local RTX 2060 SUPER,rgb_1783949421314.png,upscale_4x,2,1.231,True,False,,
cuda,local RTX 2060 SUPER,rgb_1783949421314.png,clahe,3,0.880,True,False,,
cuda,local RTX 2060 SUPER,rgb_1783949421314.png,sharpen,4,0.756,True,False,,
cuda,local RTX 2060 SUPER,rgb_1783949421314.png,gamma_1.5,5,0.560,True,False,,
cuda,local RTX 2060 SUPER,rgb_1783949421314.png,gamma_0.7,6,0.485,True,False,,
cuda,local RTX 2060 SUPER,rgb_1783949421314.png,gamma_0.5,7,0.410,False,False,,
cuda,local RTX 2060 SUPER,rgb_1783949421314.png,upscale_4x+clahe,8,2.112,True,False,,
cuda,local RTX 2060 SUPER,rgb_1783949421314.png,upscale_4x+sharpen,9,2.388,True,False,,18.269
cuda,local RTX 2060 SUPER,rgb_1783949422442.png,original,1,0.516,True,True,0.516,
cuda,local RTX 2060 SUPER,rgb_1783949422442.png,upscale_4x,2,1.285,True,False,,
cuda,local RTX 2060 SUPER,rgb_1783949422442.png,clahe,3,1.012,True,False,,
cuda,local RTX 2060 SUPER,rgb_1783949422442.png,sharpen,4,0.762,True,False,,
cuda,local RTX 2060 SUPER,rgb_1783949422442.png,gamma_1.5,5,0.591,True,False,,
cuda,local RTX 2060 SUPER,rgb_1783949422442.png,gamma_0.7,6,0.521,True,False,,
cuda,local RTX 2060 SUPER,rgb_1783949422442.png,gamma_0.5,7,0.463,False,False,,
cuda,local RTX 2060 SUPER,rgb_1783949422442.png,upscale_4x+clahe,8,2.096,True,False,,
cuda,local RTX 2060 SUPER,rgb_1783949422442.png,upscale_4x+sharpen,9,2.411,True,False,,17.438
cuda,local RTX 2060 SUPER,rgb_1783949430639.png,original,1,0.485,True,True,0.485,
cuda,local RTX 2060 SUPER,rgb_1783949430639.png,upscale_4x,2,1.258,True,False,,
cuda,local RTX 2060 SUPER,rgb_1783949430639.png,clahe,3,0.734,True,False,,
cuda,local RTX 2060 SUPER,rgb_1783949430639.png,sharpen,4,0.705,True,False,,
cuda,local RTX 2060 SUPER,rgb_1783949430639.png,gamma_1.5,5,0.553,True,False,,
cuda,local RTX 2060 SUPER,rgb_1783949430639.png,gamma_0.7,6,0.373,False,False,,
cuda,local RTX 2060 SUPER,rgb_1783949430639.png,gamma_0.5,7,0.413,False,False,,
cuda,local RTX 2060 SUPER,rgb_1783949430639.png,upscale_4x+clahe,8,1.894,True,False,,
cuda,local RTX 2060 SUPER,rgb_1783949430639.png,upscale_4x+sharpen,9,2.240,True,False,,16.522
cuda,local RTX 2060 SUPER,rgb_1783949431147.png,original,1,0.456,True,True,0.456,
cuda,local RTX 2060 SUPER,rgb_1783949431147.png,upscale_4x,2,1.369,True,False,,
cuda,local RTX 2060 SUPER,rgb_1783949431147.png,clahe,3,0.690,True,False,,
cuda,local RTX 2060 SUPER,rgb_1783949431147.png,sharpen,4,0.840,True,False,,
cuda,local RTX 2060 SUPER,rgb_1783949431147.png,gamma_1.5,5,0.532,True,False,,
cuda,local RTX 2060 SUPER,rgb_1783949431147.png,gamma_0.7,6,0.340,False,False,,
cuda,local RTX 2060 SUPER,rgb_1783949431147.png,gamma_0.5,7,0.352,False,False,,
cuda,local RTX 2060 SUPER,rgb_1783949431147.png,upscale_4x+clahe,8,1.885,True,False,,
cuda,local RTX 2060 SUPER,rgb_1783949431147.png,upscale_4x+sharpen,9,2.258,True,False,,16.460
cuda,local RTX 2060 SUPER,rgb_1783949431860.png,original,1,0.487,True,True,0.487,
cuda,local RTX 2060 SUPER,rgb_1783949431860.png,upscale_4x,2,1.405,True,False,,
cuda,local RTX 2060 SUPER,rgb_1783949431860.png,clahe,3,0.820,True,False,,
cuda,local RTX 2060 SUPER,rgb_1783949431860.png,sharpen,4,0.864,True,False,,
cuda,local RTX 2060 SUPER,rgb_1783949431860.png,gamma_1.5,5,0.533,True,False,,
cuda,local RTX 2060 SUPER,rgb_1783949431860.png,gamma_0.7,6,0.373,False,False,,
cuda,local RTX 2060 SUPER,rgb_1783949431860.png,gamma_0.5,7,0.362,False,False,,
cuda,local RTX 2060 SUPER,rgb_1783949431860.png,upscale_4x+clahe,8,1.882,True,False,,
cuda,local RTX 2060 SUPER,rgb_1783949431860.png,upscale_4x+sharpen,9,2.172,True,False,,16.857
cuda,local RTX 2060 SUPER,rgb_1783949432478.png,original,1,0.464,True,True,0.464,
cuda,local RTX 2060 SUPER,rgb_1783949432478.png,upscale_4x,2,1.246,True,False,,
cuda,local RTX 2060 SUPER,rgb_1783949432478.png,clahe,3,0.730,True,False,,
cuda,local RTX 2060 SUPER,rgb_1783949432478.png,sharpen,4,0.798,True,False,,
cuda,local RTX 2060 SUPER,rgb_1783949432478.png,gamma_1.5,5,0.526,True,False,,
cuda,local RTX 2060 SUPER,rgb_1783949432478.png,gamma_0.7,6,0.419,False,False,,
cuda,local RTX 2060 SUPER,rgb_1783949432478.png,gamma_0.5,7,0.370,False,False,,
cuda,local RTX 2060 SUPER,rgb_1783949432478.png,upscale_4x+clahe,8,1.919,True,False,,
cuda,local RTX 2060 SUPER,rgb_1783949432478.png,upscale_4x+sharpen,9,2.209,True,False,,16.537
cuda,local RTX 2060 SUPER,rgb_1783949439811.png,original,1,0.287,False,False,,
cuda,local RTX 2060 SUPER,rgb_1783949439811.png,upscale_4x,2,0.977,False,False,,
cuda,local RTX 2060 SUPER,rgb_1783949439811.png,clahe,3,0.734,True,True,1.998,
cuda,local RTX 2060 SUPER,rgb_1783949439811.png,sharpen,4,0.465,False,False,,
cuda,local RTX 2060 SUPER,rgb_1783949439811.png,gamma_1.5,5,0.607,True,False,,
cuda,local RTX 2060 SUPER,rgb_1783949439811.png,gamma_0.7,6,0.248,False,False,,
cuda,local RTX 2060 SUPER,rgb_1783949439811.png,gamma_0.5,7,0.181,False,False,,
cuda,local RTX 2060 SUPER,rgb_1783949439811.png,upscale_4x+clahe,8,1.840,True,False,,
cuda,local RTX 2060 SUPER,rgb_1783949439811.png,upscale_4x+sharpen,9,1.971,False,False,,15.588
cuda,local RTX 2060 SUPER,rgb_1783949440482.png,original,1,0.302,False,False,,
cuda,local RTX 2060 SUPER,rgb_1783949440482.png,upscale_4x,2,1.001,False,False,,
cuda,local RTX 2060 SUPER,rgb_1783949440482.png,clahe,3,0.655,True,True,1.958,
cuda,local RTX 2060 SUPER,rgb_1783949440482.png,sharpen,4,0.527,True,False,,
cuda,local RTX 2060 SUPER,rgb_1783949440482.png,gamma_1.5,5,0.529,True,False,,
cuda,local RTX 2060 SUPER,rgb_1783949440482.png,gamma_0.7,6,0.370,False,False,,
cuda,local RTX 2060 SUPER,rgb_1783949440482.png,gamma_0.5,7,0.248,False,False,,
cuda,local RTX 2060 SUPER,rgb_1783949440482.png,upscale_4x+clahe,8,1.854,True,False,,
cuda,local RTX 2060 SUPER,rgb_1783949440482.png,upscale_4x+sharpen,9,2.167,True,False,,15.592
cuda,local RTX 2060 SUPER,rgb_1783949441141.png,original,1,0.492,True,True,0.492,
cuda,local RTX 2060 SUPER,rgb_1783949441141.png,upscale_4x,2,1.255,True,False,,
cuda,local RTX 2060 SUPER,rgb_1783949441141.png,clahe,3,0.902,True,False,,
cuda,local RTX 2060 SUPER,rgb_1783949441141.png,sharpen,4,0.619,True,False,,
cuda,local RTX 2060 SUPER,rgb_1783949441141.png,gamma_1.5,5,0.518,True,False,,
cuda,local RTX 2060 SUPER,rgb_1783949441141.png,gamma_0.7,6,0.552,True,False,,
cuda,local RTX 2060 SUPER,rgb_1783949441141.png,gamma_0.5,7,0.441,False,False,,
cuda,local RTX 2060 SUPER,rgb_1783949441141.png,upscale_4x+clahe,8,1.932,True,False,,
cuda,local RTX 2060 SUPER,rgb_1783949441141.png,upscale_4x+sharpen,9,2.413,True,False,,16.742
cuda,local RTX 2060 SUPER,rgb_1783949441827.png,original,1,0.667,True,True,0.667,
cuda,local RTX 2060 SUPER,rgb_1783949441827.png,upscale_4x,2,1.274,True,False,,
cuda,local RTX 2060 SUPER,rgb_1783949441827.png,clahe,3,1.092,True,False,,
cuda,local RTX 2060 SUPER,rgb_1783949441827.png,sharpen,4,0.780,True,False,,
cuda,local RTX 2060 SUPER,rgb_1783949441827.png,gamma_1.5,5,0.545,True,False,,
cuda,local RTX 2060 SUPER,rgb_1783949441827.png,gamma_0.7,6,0.535,True,False,,
cuda,local RTX 2060 SUPER,rgb_1783949441827.png,gamma_0.5,7,0.482,False,False,,
cuda,local RTX 2060 SUPER,rgb_1783949441827.png,upscale_4x+clahe,8,2.124,True,False,,
cuda,local RTX 2060 SUPER,rgb_1783949441827.png,upscale_4x+sharpen,9,2.414,True,False,,17.583
cuda,local RTX 2060 SUPER,rgb_1783949117515.png,,,,False,False,,7.958
cuda,local RTX 2060 SUPER,rgb_1783949172450.png,,,,False,False,,7.656
cuda,local RTX 2060 SUPER,rgb_1783949188947.png,,,,False,False,,7.136
cuda,local RTX 2060 SUPER,rgb_1783949212182.png,,,,False,False,,7.224
cuda,local RTX 2060 SUPER,rgb_1783949331319.png,original,1,0.353,False,False,,
cuda,local RTX 2060 SUPER,rgb_1783949331319.png,upscale_4x,2,0.822,True,True,1.176,
cuda,local RTX 2060 SUPER,rgb_1783949331319.png,clahe,3,0.434,True,False,,
cuda,local RTX 2060 SUPER,rgb_1783949331319.png,sharpen,4,0.428,False,False,,
cuda,local RTX 2060 SUPER,rgb_1783949331319.png,gamma_1.5,5,0.310,False,False,,
cuda,local RTX 2060 SUPER,rgb_1783949331319.png,gamma_0.7,6,0.369,False,False,,
cuda,local RTX 2060 SUPER,rgb_1783949331319.png,gamma_0.5,7,0.399,False,False,,
cuda,local RTX 2060 SUPER,rgb_1783949331319.png,upscale_4x+clahe,8,1.462,True,False,,
cuda,local RTX 2060 SUPER,rgb_1783949331319.png,upscale_4x+sharpen,9,1.268,True,False,,13.610
cuda,local RTX 2060 SUPER,rgb_1783949347807.png,original,1,0.365,False,False,,
cuda,local RTX 2060 SUPER,rgb_1783949347807.png,upscale_4x,2,0.824,True,True,1.190,
cuda,local RTX 2060 SUPER,rgb_1783949347807.png,clahe,3,0.514,True,False,,
cuda,local RTX 2060 SUPER,rgb_1783949347807.png,sharpen,4,0.413,False,False,,
cuda,local RTX 2060 SUPER,rgb_1783949347807.png,gamma_1.5,5,0.288,False,False,,
cuda,local RTX 2060 SUPER,rgb_1783949347807.png,gamma_0.7,6,0.428,False,False,,
cuda,local RTX 2060 SUPER,rgb_1783949347807.png,gamma_0.5,7,0.320,False,False,,
cuda,local RTX 2060 SUPER,rgb_1783949347807.png,upscale_4x+clahe,8,1.420,True,False,,
cuda,local RTX 2060 SUPER,rgb_1783949347807.png,upscale_4x+sharpen,9,1.090,True,False,,13.635
cuda,local RTX 2060 SUPER,rgb_1783949366102.png,original,1,0.456,False,False,,
cuda,local RTX 2060 SUPER,rgb_1783949366102.png,upscale_4x,2,0.936,True,True,1.392,
cuda,local RTX 2060 SUPER,rgb_1783949366102.png,clahe,3,0.752,True,False,,
cuda,local RTX 2060 SUPER,rgb_1783949366102.png,sharpen,4,0.486,False,False,,
cuda,local RTX 2060 SUPER,rgb_1783949366102.png,gamma_1.5,5,0.547,False,False,,
cuda,local RTX 2060 SUPER,rgb_1783949366102.png,gamma_0.7,6,0.489,False,False,,
cuda,local RTX 2060 SUPER,rgb_1783949366102.png,gamma_0.5,7,0.407,False,False,,
cuda,local RTX 2060 SUPER,rgb_1783949366102.png,upscale_4x+clahe,8,2.013,True,False,,
cuda,local RTX 2060 SUPER,rgb_1783949366102.png,upscale_4x+sharpen,9,2.022,True,False,,15.857
cuda,local RTX 2060 SUPER,rgb_1783949386628.png,original,1,0.339,True,True,0.339,
cuda,local RTX 2060 SUPER,rgb_1783949386628.png,upscale_4x,2,0.660,True,False,,
cuda,local RTX 2060 SUPER,rgb_1783949386628.png,clahe,3,0.529,True,False,,
cuda,local RTX 2060 SUPER,rgb_1783949386628.png,sharpen,4,0.365,True,False,,
cuda,local RTX 2060 SUPER,rgb_1783949386628.png,gamma_1.5,5,0.329,True,False,,
cuda,local RTX 2060 SUPER,rgb_1783949386628.png,gamma_0.7,6,0.273,True,False,,
cuda,local RTX 2060 SUPER,rgb_1783949386628.png,gamma_0.5,7,0.303,True,False,,
cuda,local RTX 2060 SUPER,rgb_1783949386628.png,upscale_4x+clahe,8,0.951,True,False,,
cuda,local RTX 2060 SUPER,rgb_1783949386628.png,upscale_4x+sharpen,9,1.168,True,False,,12.570
cuda,local RTX 2060 SUPER,rgb_1783949399518.png,original,1,0.309,True,True,0.309,
cuda,local RTX 2060 SUPER,rgb_1783949399518.png,upscale_4x,2,0.684,True,False,,
cuda,local RTX 2060 SUPER,rgb_1783949399518.png,clahe,3,0.617,True,False,,
cuda,local RTX 2060 SUPER,rgb_1783949399518.png,sharpen,4,0.390,True,False,,
cuda,local RTX 2060 SUPER,rgb_1783949399518.png,gamma_1.5,5,0.348,True,False,,
cuda,local RTX 2060 SUPER,rgb_1783949399518.png,gamma_0.7,6,0.328,True,False,,
cuda,local RTX 2060 SUPER,rgb_1783949399518.png,gamma_0.5,7,0.150,False,False,,
cuda,local RTX 2060 SUPER,rgb_1783949399518.png,upscale_4x+clahe,8,0.822,True,False,,
cuda,local RTX 2060 SUPER,rgb_1783949399518.png,upscale_4x+sharpen,9,1.121,True,False,,12.390
cuda,local RTX 2060 SUPER,rgb_1783949423095.png,original,1,0.698,True,True,0.698,
cuda,local RTX 2060 SUPER,rgb_1783949423095.png,upscale_4x,2,1.279,True,False,,
cuda,local RTX 2060 SUPER,rgb_1783949423095.png,clahe,3,1.105,True,False,,
cuda,local RTX 2060 SUPER,rgb_1783949423095.png,sharpen,4,0.694,True,False,,
cuda,local RTX 2060 SUPER,rgb_1783949423095.png,gamma_1.5,5,0.517,True,False,,
cuda,local RTX 2060 SUPER,rgb_1783949423095.png,gamma_0.7,6,0.542,True,False,,
cuda,local RTX 2060 SUPER,rgb_1783949423095.png,gamma_0.5,7,0.446,False,False,,
cuda,local RTX 2060 SUPER,rgb_1783949423095.png,upscale_4x+clahe,8,2.086,True,False,,
cuda,local RTX 2060 SUPER,rgb_1783949423095.png,upscale_4x+sharpen,9,2.466,True,False,,17.611
cuda,local RTX 2060 SUPER,rgb_1783949433196.png,original,1,0.461,True,True,0.461,
cuda,local RTX 2060 SUPER,rgb_1783949433196.png,upscale_4x,2,1.390,True,False,,
cuda,local RTX 2060 SUPER,rgb_1783949433196.png,clahe,3,0.730,True,False,,
cuda,local RTX 2060 SUPER,rgb_1783949433196.png,sharpen,4,0.887,True,False,,
cuda,local RTX 2060 SUPER,rgb_1783949433196.png,gamma_1.5,5,0.564,True,False,,
cuda,local RTX 2060 SUPER,rgb_1783949433196.png,gamma_0.7,6,0.508,True,False,,
cuda,local RTX 2060 SUPER,rgb_1783949433196.png,gamma_0.5,7,0.365,False,False,,
cuda,local RTX 2060 SUPER,rgb_1783949433196.png,upscale_4x+clahe,8,1.858,True,False,,
cuda,local RTX 2060 SUPER,rgb_1783949433196.png,upscale_4x+sharpen,9,2.313,True,False,,17.240
cuda,local RTX 2060 SUPER,rgb_1783949443155.png,original,1,0.481,True,True,0.481,
cuda,local RTX 2060 SUPER,rgb_1783949443155.png,upscale_4x,2,1.336,True,False,,
cuda,local RTX 2060 SUPER,rgb_1783949443155.png,clahe,3,1.256,True,False,,
cuda,local RTX 2060 SUPER,rgb_1783949443155.png,sharpen,4,0.849,True,False,,
cuda,local RTX 2060 SUPER,rgb_1783949443155.png,gamma_1.5,5,0.573,True,False,,
cuda,local RTX 2060 SUPER,rgb_1783949443155.png,gamma_0.7,6,0.471,True,False,,
cuda,local RTX 2060 SUPER,rgb_1783949443155.png,gamma_0.5,7,0.469,False,False,,
cuda,local RTX 2060 SUPER,rgb_1783949443155.png,upscale_4x+clahe,8,2.079,True,False,,
cuda,local RTX 2060 SUPER,rgb_1783949443155.png,upscale_4x+sharpen,9,2.517,True,False,,17.843
cpu,rosject CPU,rgb_1783949112825.png,,,,False,False,,1186.372
cpu,rosject CPU,rgb_1783949114367.png,,,,False,False,,45.477
cpu,rosject CPU,rgb_1783949115685.png,,,,False,False,,47.864
cpu,rosject CPU,rgb_1783949116840.png,,,,False,False,,47.350
cpu,rosject CPU,rgb_1783949169596.png,,,,False,False,,45.696
cpu,rosject CPU,rgb_1783949170196.png,,,,False,False,,43.526
cpu,rosject CPU,rgb_1783949170753.png,,,,False,False,,42.850
cpu,rosject CPU,rgb_1783949171301.png,,,,False,False,,44.098
cpu,rosject CPU,rgb_1783949185888.png,,,,False,False,,43.221
cpu,rosject CPU,rgb_1783949186540.png,,,,False,False,,44.007
cpu,rosject CPU,rgb_1783949187327.png,,,,False,False,,44.471
cpu,rosject CPU,rgb_1783949188101.png,,,,False,False,,44.720
cpu,rosject CPU,rgb_1783949209638.png,,,,False,False,,44.887
cpu,rosject CPU,rgb_1783949210190.png,,,,False,False,,43.383
cpu,rosject CPU,rgb_1783949211054.png,,,,False,False,,43.376
cpu,rosject CPU,rgb_1783949211628.png,,,,False,False,,43.236
cpu,rosject CPU,rgb_1783949327576.png,original,1,2.003,False,False,,
cpu,rosject CPU,rgb_1783949327576.png,upscale_4x,2,1.855,True,True,3.858,
cpu,rosject CPU,rgb_1783949327576.png,clahe,3,1.051,True,False,,
cpu,rosject CPU,rgb_1783949327576.png,sharpen,4,2.222,False,False,,
cpu,rosject CPU,rgb_1783949327576.png,gamma_1.5,5,1.406,False,False,,
cpu,rosject CPU,rgb_1783949327576.png,gamma_0.7,6,2.392,False,False,,
cpu,rosject CPU,rgb_1783949327576.png,gamma_0.5,7,2.736,False,False,,
cpu,rosject CPU,rgb_1783949327576.png,upscale_4x+clahe,8,6.368,True,False,,
cpu,rosject CPU,rgb_1783949327576.png,upscale_4x+sharpen,9,2.599,True,False,,68.276
cpu,rosject CPU,rgb_1783949328263.png,original,1,1.629,False,False,,
cpu,rosject CPU,rgb_1783949328263.png,upscale_4x,2,1.677,True,True,3.306,
cpu,rosject CPU,rgb_1783949328263.png,clahe,3,0.445,False,False,,
cpu,rosject CPU,rgb_1783949328263.png,sharpen,4,2.148,False,False,,
cpu,rosject CPU,rgb_1783949328263.png,gamma_1.5,5,1.628,False,False,,
cpu,rosject CPU,rgb_1783949328263.png,gamma_0.7,6,2.934,False,False,,
cpu,rosject CPU,rgb_1783949328263.png,gamma_0.5,7,2.700,False,False,,
cpu,rosject CPU,rgb_1783949328263.png,upscale_4x+clahe,8,5.988,True,False,,
cpu,rosject CPU,rgb_1783949328263.png,upscale_4x+sharpen,9,2.533,True,False,,65.891
cpu,rosject CPU,rgb_1783949329379.png,original,1,2.074,False,False,,
cpu,rosject CPU,rgb_1783949329379.png,upscale_4x,2,1.478,True,True,3.552,
cpu,rosject CPU,rgb_1783949329379.png,clahe,3,0.642,True,False,,
cpu,rosject CPU,rgb_1783949329379.png,sharpen,4,2.288,False,False,,
cpu,rosject CPU,rgb_1783949329379.png,gamma_1.5,5,1.512,False,False,,
cpu,rosject CPU,rgb_1783949329379.png,gamma_0.7,6,2.218,False,False,,
cpu,rosject CPU,rgb_1783949329379.png,gamma_0.5,7,2.880,False,False,,
cpu,rosject CPU,rgb_1783949329379.png,upscale_4x+clahe,8,6.815,True,False,,
cpu,rosject CPU,rgb_1783949329379.png,upscale_4x+sharpen,9,2.881,True,False,,65.590
cpu,rosject CPU,rgb_1783949330463.png,original,1,1.480,False,False,,
cpu,rosject CPU,rgb_1783949330463.png,upscale_4x,2,1.415,True,True,2.895,
cpu,rosject CPU,rgb_1783949330463.png,clahe,3,0.913,True,False,,
cpu,rosject CPU,rgb_1783949330463.png,sharpen,4,2.265,False,False,,
cpu,rosject CPU,rgb_1783949330463.png,gamma_1.5,5,1.998,False,False,,
cpu,rosject CPU,rgb_1783949330463.png,gamma_0.7,6,2.308,False,False,,
cpu,rosject CPU,rgb_1783949330463.png,gamma_0.5,7,2.502,False,False,,
cpu,rosject CPU,rgb_1783949330463.png,upscale_4x+clahe,8,5.637,True,False,,
cpu,rosject CPU,rgb_1783949330463.png,upscale_4x+sharpen,9,3.545,True,False,,66.036
cpu,rosject CPU,rgb_1783949345237.png,original,1,2.294,False,False,,
cpu,rosject CPU,rgb_1783949345237.png,upscale_4x,2,1.316,True,True,3.610,
cpu,rosject CPU,rgb_1783949345237.png,clahe,3,0.877,False,False,,
cpu,rosject CPU,rgb_1783949345237.png,sharpen,4,2.022,False,False,,
cpu,rosject CPU,rgb_1783949345237.png,gamma_1.5,5,2.091,False,False,,
cpu,rosject CPU,rgb_1783949345237.png,gamma_0.7,6,2.459,False,False,,
cpu,rosject CPU,rgb_1783949345237.png,gamma_0.5,7,1.823,False,False,,
cpu,rosject CPU,rgb_1783949345237.png,upscale_4x+clahe,8,4.450,True,False,,
cpu,rosject CPU,rgb_1783949345237.png,upscale_4x+sharpen,9,2.944,True,False,,61.891
cpu,rosject CPU,rgb_1783949345784.png,original,1,2.957,False,False,,
cpu,rosject CPU,rgb_1783949345784.png,upscale_4x,2,1.597,True,True,4.554,
cpu,rosject CPU,rgb_1783949345784.png,clahe,3,1.576,True,False,,
cpu,rosject CPU,rgb_1783949345784.png,sharpen,4,1.768,False,False,,
cpu,rosject CPU,rgb_1783949345784.png,gamma_1.5,5,1.784,False,False,,
cpu,rosject CPU,rgb_1783949345784.png,gamma_0.7,6,2.468,False,False,,
cpu,rosject CPU,rgb_1783949345784.png,gamma_0.5,7,1.893,False,False,,
cpu,rosject CPU,rgb_1783949345784.png,upscale_4x+clahe,8,6.474,True,False,,
cpu,rosject CPU,rgb_1783949345784.png,upscale_4x+sharpen,9,3.438,True,False,,68.989
cpu,rosject CPU,rgb_1783949346331.png,original,1,2.085,False,False,,
cpu,rosject CPU,rgb_1783949346331.png,upscale_4x,2,1.343,True,True,3.428,
cpu,rosject CPU,rgb_1783949346331.png,clahe,3,0.966,False,False,,
cpu,rosject CPU,rgb_1783949346331.png,sharpen,4,2.303,False,False,,
cpu,rosject CPU,rgb_1783949346331.png,gamma_1.5,5,1.668,False,False,,
cpu,rosject CPU,rgb_1783949346331.png,gamma_0.7,6,2.840,False,False,,
cpu,rosject CPU,rgb_1783949346331.png,gamma_0.5,7,2.035,False,False,,
cpu,rosject CPU,rgb_1783949346331.png,upscale_4x+clahe,8,5.679,True,False,,
cpu,rosject CPU,rgb_1783949346331.png,upscale_4x+sharpen,9,3.470,True,False,,65.051
cpu,rosject CPU,rgb_1783949346875.png,original,1,1.982,False,False,,
cpu,rosject CPU,rgb_1783949346875.png,upscale_4x,2,1.090,True,True,3.072,
cpu,rosject CPU,rgb_1783949346875.png,clahe,3,0.816,True,False,,
cpu,rosject CPU,rgb_1783949346875.png,sharpen,4,1.799,False,False,,
cpu,rosject CPU,rgb_1783949346875.png,gamma_1.5,5,1.579,False,False,,
cpu,rosject CPU,rgb_1783949346875.png,gamma_0.7,6,2.645,False,False,,
cpu,rosject CPU,rgb_1783949346875.png,gamma_0.5,7,2.040,False,False,,
cpu,rosject CPU,rgb_1783949346875.png,upscale_4x+clahe,8,5.744,True,False,,
cpu,rosject CPU,rgb_1783949346875.png,upscale_4x+sharpen,9,2.981,True,False,,63.867
cpu,rosject CPU,rgb_1783949362991.png,original,1,2.863,False,False,,
cpu,rosject CPU,rgb_1783949362991.png,upscale_4x,2,2.305,True,True,5.168,
cpu,rosject CPU,rgb_1783949362991.png,clahe,3,3.893,True,False,,
cpu,rosject CPU,rgb_1783949362991.png,sharpen,4,2.610,False,False,,
cpu,rosject CPU,rgb_1783949362991.png,gamma_1.5,5,3.243,False,False,,
cpu,rosject CPU,rgb_1783949362991.png,gamma_0.7,6,3.033,False,False,,
cpu,rosject CPU,rgb_1783949362991.png,gamma_0.5,7,2.673,False,False,,
cpu,rosject CPU,rgb_1783949362991.png,upscale_4x+clahe,8,7.686,True,False,,
cpu,rosject CPU,rgb_1783949362991.png,upscale_4x+sharpen,9,5.063,True,False,,76.655
cpu,rosject CPU,rgb_1783949363991.png,original,1,2.869,False,False,,
cpu,rosject CPU,rgb_1783949363991.png,upscale_4x,2,2.547,True,True,5.415,
cpu,rosject CPU,rgb_1783949363991.png,clahe,3,2.186,False,False,,
cpu,rosject CPU,rgb_1783949363991.png,sharpen,4,2.933,False,False,,
cpu,rosject CPU,rgb_1783949363991.png,gamma_1.5,5,3.145,False,False,,
cpu,rosject CPU,rgb_1783949363991.png,gamma_0.7,6,2.859,False,False,,
cpu,rosject CPU,rgb_1783949363991.png,gamma_0.5,7,2.493,False,False,,
cpu,rosject CPU,rgb_1783949363991.png,upscale_4x+clahe,8,7.310,True,False,,
cpu,rosject CPU,rgb_1783949363991.png,upscale_4x+sharpen,9,4.255,True,False,,75.995
cpu,rosject CPU,rgb_1783949365000.png,original,1,3.250,False,False,,
cpu,rosject CPU,rgb_1783949365000.png,upscale_4x,2,2.137,True,True,5.388,
cpu,rosject CPU,rgb_1783949365000.png,clahe,3,3.384,True,False,,
cpu,rosject CPU,rgb_1783949365000.png,sharpen,4,2.201,False,False,,
cpu,rosject CPU,rgb_1783949365000.png,gamma_1.5,5,3.540,False,False,,
cpu,rosject CPU,rgb_1783949365000.png,gamma_0.7,6,2.993,False,False,,
cpu,rosject CPU,rgb_1783949365000.png,gamma_0.5,7,2.794,False,False,,
cpu,rosject CPU,rgb_1783949365000.png,upscale_4x+clahe,8,7.526,True,False,,
cpu,rosject CPU,rgb_1783949365000.png,upscale_4x+sharpen,9,3.947,True,False,,76.927
cpu,rosject CPU,rgb_1783949365601.png,original,1,3.232,False,False,,
cpu,rosject CPU,rgb_1783949365601.png,upscale_4x,2,2.571,True,True,5.803,
cpu,rosject CPU,rgb_1783949365601.png,clahe,3,3.401,True,False,,
cpu,rosject CPU,rgb_1783949365601.png,sharpen,4,2.208,False,False,,
cpu,rosject CPU,rgb_1783949365601.png,gamma_1.5,5,3.856,False,False,,
cpu,rosject CPU,rgb_1783949365601.png,gamma_0.7,6,3.255,False,False,,
cpu,rosject CPU,rgb_1783949365601.png,gamma_0.5,7,2.671,False,False,,
cpu,rosject CPU,rgb_1783949365601.png,upscale_4x+clahe,8,8.515,True,False,,
cpu,rosject CPU,rgb_1783949365601.png,upscale_4x+sharpen,9,5.190,True,False,,78.502
cpu,rosject CPU,rgb_1783949382812.png,original,1,0.529,True,True,0.529,
cpu,rosject CPU,rgb_1783949382812.png,upscale_4x,2,1.561,True,False,,
cpu,rosject CPU,rgb_1783949382812.png,clahe,3,1.635,True,False,,
cpu,rosject CPU,rgb_1783949382812.png,sharpen,4,0.618,True,False,,
cpu,rosject CPU,rgb_1783949382812.png,gamma_1.5,5,0.502,True,False,,
cpu,rosject CPU,rgb_1783949382812.png,gamma_0.7,6,0.541,True,False,,
cpu,rosject CPU,rgb_1783949382812.png,gamma_0.5,7,0.495,False,False,,
cpu,rosject CPU,rgb_1783949382812.png,upscale_4x+clahe,8,1.476,True,False,,
cpu,rosject CPU,rgb_1783949382812.png,upscale_4x+sharpen,9,2.079,True,False,,53.874
cpu,rosject CPU,rgb_1783949383666.png,original,1,0.519,True,True,0.519,
cpu,rosject CPU,rgb_1783949383666.png,upscale_4x,2,1.762,True,False,,
cpu,rosject CPU,rgb_1783949383666.png,clahe,3,1.416,True,False,,
cpu,rosject CPU,rgb_1783949383666.png,sharpen,4,0.882,True,False,,
cpu,rosject CPU,rgb_1783949383666.png,gamma_1.5,5,0.487,True,False,,
cpu,rosject CPU,rgb_1783949383666.png,gamma_0.7,6,0.678,True,False,,
cpu,rosject CPU,rgb_1783949383666.png,gamma_0.5,7,0.809,True,False,,
cpu,rosject CPU,rgb_1783949383666.png,upscale_4x+clahe,8,1.728,True,False,,
cpu,rosject CPU,rgb_1783949383666.png,upscale_4x+sharpen,9,2.255,True,False,,56.054
cpu,rosject CPU,rgb_1783949384499.png,original,1,0.674,True,True,0.674,
cpu,rosject CPU,rgb_1783949384499.png,upscale_4x,2,1.688,True,False,,
cpu,rosject CPU,rgb_1783949384499.png,clahe,3,1.213,True,False,,
cpu,rosject CPU,rgb_1783949384499.png,sharpen,4,0.691,True,False,,
cpu,rosject CPU,rgb_1783949384499.png,gamma_1.5,5,0.526,True,False,,
cpu,rosject CPU,rgb_1783949384499.png,gamma_0.7,6,0.709,True,False,,
cpu,rosject CPU,rgb_1783949384499.png,gamma_0.5,7,0.741,True,False,,
cpu,rosject CPU,rgb_1783949384499.png,upscale_4x+clahe,8,1.891,True,False,,
cpu,rosject CPU,rgb_1783949384499.png,upscale_4x+sharpen,9,2.732,True,False,,54.477
cpu,rosject CPU,rgb_1783949385192.png,original,1,0.564,True,True,0.564,
cpu,rosject CPU,rgb_1783949385192.png,upscale_4x,2,1.719,True,False,,
cpu,rosject CPU,rgb_1783949385192.png,clahe,3,1.098,True,False,,
cpu,rosject CPU,rgb_1783949385192.png,sharpen,4,0.666,True,False,,
cpu,rosject CPU,rgb_1783949385192.png,gamma_1.5,5,0.468,True,False,,
cpu,rosject CPU,rgb_1783949385192.png,gamma_0.7,6,0.627,True,False,,
cpu,rosject CPU,rgb_1783949385192.png,gamma_0.5,7,0.507,True,False,,
cpu,rosject CPU,rgb_1783949385192.png,upscale_4x+clahe,8,1.577,True,False,,
cpu,rosject CPU,rgb_1783949385192.png,upscale_4x+sharpen,9,2.019,True,False,,52.021
cpu,rosject CPU,rgb_1783949397026.png,original,1,0.790,True,True,0.790,
cpu,rosject CPU,rgb_1783949397026.png,upscale_4x,2,1.485,True,False,,
cpu,rosject CPU,rgb_1783949397026.png,clahe,3,1.363,True,False,,
cpu,rosject CPU,rgb_1783949397026.png,sharpen,4,0.839,True,False,,
cpu,rosject CPU,rgb_1783949397026.png,gamma_1.5,5,0.661,True,False,,
cpu,rosject CPU,rgb_1783949397026.png,gamma_0.7,6,0.637,True,False,,
cpu,rosject CPU,rgb_1783949397026.png,gamma_0.5,7,0.218,False,False,,
cpu,rosject CPU,rgb_1783949397026.png,upscale_4x+clahe,8,1.256,True,False,,
cpu,rosject CPU,rgb_1783949397026.png,upscale_4x+sharpen,9,1.904,True,False,,53.001
cpu,rosject CPU,rgb_1783949397687.png,original,1,0.776,True,True,0.776,
cpu,rosject CPU,rgb_1783949397687.png,upscale_4x,2,1.389,True,False,,
cpu,rosject CPU,rgb_1783949397687.png,clahe,3,1.620,True,False,,
cpu,rosject CPU,rgb_1783949397687.png,sharpen,4,0.849,True,False,,
cpu,rosject CPU,rgb_1783949397687.png,gamma_1.5,5,0.593,True,False,,
cpu,rosject CPU,rgb_1783949397687.png,gamma_0.7,6,0.981,True,False,,
cpu,rosject CPU,rgb_1783949397687.png,gamma_0.5,7,0.193,False,False,,
cpu,rosject CPU,rgb_1783949397687.png,upscale_4x+clahe,8,1.713,True,False,,
cpu,rosject CPU,rgb_1783949397687.png,upscale_4x+sharpen,9,2.577,True,False,,54.756
cpu,rosject CPU,rgb_1783949398349.png,original,1,0.669,True,True,0.669,
cpu,rosject CPU,rgb_1783949398349.png,upscale_4x,2,1.644,True,False,,
cpu,rosject CPU,rgb_1783949398349.png,clahe,3,2.342,True,False,,
cpu,rosject CPU,rgb_1783949398349.png,sharpen,4,0.731,True,False,,
cpu,rosject CPU,rgb_1783949398349.png,gamma_1.5,5,0.590,True,False,,
cpu,rosject CPU,rgb_1783949398349.png,gamma_0.7,6,1.206,True,False,,
cpu,rosject CPU,rgb_1783949398349.png,gamma_0.5,7,0.419,False,False,,
cpu,rosject CPU,rgb_1783949398349.png,upscale_4x+clahe,8,1.684,True,False,,
cpu,rosject CPU,rgb_1783949398349.png,upscale_4x+sharpen,9,2.558,True,False,,56.709
cpu,rosject CPU,rgb_1783949399009.png,original,1,1.163,True,True,1.163,
cpu,rosject CPU,rgb_1783949399009.png,upscale_4x,2,1.404,True,False,,
cpu,rosject CPU,rgb_1783949399009.png,clahe,3,1.653,True,False,,
cpu,rosject CPU,rgb_1783949399009.png,sharpen,4,0.601,True,False,,
cpu,rosject CPU,rgb_1783949399009.png,gamma_1.5,5,0.612,True,False,,
cpu,rosject CPU,rgb_1783949399009.png,gamma_0.7,6,1.067,True,False,,
cpu,rosject CPU,rgb_1783949399009.png,gamma_0.5,7,0.349,False,False,,
cpu,rosject CPU,rgb_1783949399009.png,upscale_4x+clahe,8,1.566,True,False,,
cpu,rosject CPU,rgb_1783949399009.png,upscale_4x+sharpen,9,2.836,True,False,,55.164
cpu,rosject CPU,rgb_1783949419102.png,original,1,2.260,True,True,2.260,
cpu,rosject CPU,rgb_1783949419102.png,upscale_4x,2,2.309,True,False,,
cpu,rosject CPU,rgb_1783949419102.png,clahe,3,3.253,True,False,,
cpu,rosject CPU,rgb_1783949419102.png,sharpen,4,2.875,True,False,,
cpu,rosject CPU,rgb_1783949419102.png,gamma_1.5,5,3.422,True,False,,
cpu,rosject CPU,rgb_1783949419102.png,gamma_0.7,6,2.176,True,False,,
cpu,rosject CPU,rgb_1783949419102.png,gamma_0.5,7,1.350,False,False,,
cpu,rosject CPU,rgb_1783949419102.png,upscale_4x+clahe,8,3.711,True,False,,
cpu,rosject CPU,rgb_1783949419102.png,upscale_4x+sharpen,9,4.079,True,False,,69.844
cpu,rosject CPU,rgb_1783949420479.png,original,1,2.566,True,True,2.566,
cpu,rosject CPU,rgb_1783949420479.png,upscale_4x,2,2.199,True,False,,
cpu,rosject CPU,rgb_1783949420479.png,clahe,3,3.469,True,False,,
cpu,rosject CPU,rgb_1783949420479.png,sharpen,4,2.291,True,False,,
cpu,rosject CPU,rgb_1783949420479.png,gamma_1.5,5,2.041,True,False,,
cpu,rosject CPU,rgb_1783949420479.png,gamma_0.7,6,1.779,True,False,,
cpu,rosject CPU,rgb_1783949420479.png,gamma_0.5,7,2.000,False,False,,
cpu,rosject CPU,rgb_1783949420479.png,upscale_4x+clahe,8,2.986,True,False,,
cpu,rosject CPU,rgb_1783949420479.png,upscale_4x+sharpen,9,4.621,True,False,,69.445
cpu,rosject CPU,rgb_1783949421314.png,original,1,1.966,True,True,1.966,
cpu,rosject CPU,rgb_1783949421314.png,upscale_4x,2,1.677,True,False,,
cpu,rosject CPU,rgb_1783949421314.png,clahe,3,2.986,True,False,,
cpu,rosject CPU,rgb_1783949421314.png,sharpen,4,2.239,True,False,,
cpu,rosject CPU,rgb_1783949421314.png,gamma_1.5,5,1.972,True,False,,
cpu,rosject CPU,rgb_1783949421314.png,gamma_0.7,6,1.637,True,False,,
cpu,rosject CPU,rgb_1783949421314.png,gamma_0.5,7,1.636,False,False,,
cpu,rosject CPU,rgb_1783949421314.png,upscale_4x+clahe,8,3.253,True,False,,
cpu,rosject CPU,rgb_1783949421314.png,upscale_4x+sharpen,9,3.562,True,False,,66.316
cpu,rosject CPU,rgb_1783949422442.png,original,1,1.643,True,True,1.643,
cpu,rosject CPU,rgb_1783949422442.png,upscale_4x,2,2.089,True,False,,
cpu,rosject CPU,rgb_1783949422442.png,clahe,3,4.857,True,False,,
cpu,rosject CPU,rgb_1783949422442.png,sharpen,4,1.867,True,False,,
cpu,rosject CPU,rgb_1783949422442.png,gamma_1.5,5,2.113,True,False,,
cpu,rosject CPU,rgb_1783949422442.png,gamma_0.7,6,2.001,True,False,,
cpu,rosject CPU,rgb_1783949422442.png,gamma_0.5,7,1.882,False,False,,
cpu,rosject CPU,rgb_1783949422442.png,upscale_4x+clahe,8,3.478,True,False,,
cpu,rosject CPU,rgb_1783949422442.png,upscale_4x+sharpen,9,3.605,True,False,,70.273
cpu,rosject CPU,rgb_1783949430639.png,original,1,1.516,True,True,1.516,
cpu,rosject CPU,rgb_1783949430639.png,upscale_4x,2,2.123,True,False,,
cpu,rosject CPU,rgb_1783949430639.png,clahe,3,2.691,True,False,,
cpu,rosject CPU,rgb_1783949430639.png,sharpen,4,2.420,True,False,,
cpu,rosject CPU,rgb_1783949430639.png,gamma_1.5,5,2.230,True,False,,
cpu,rosject CPU,rgb_1783949430639.png,gamma_0.7,6,1.592,False,False,,
cpu,rosject CPU,rgb_1783949430639.png,gamma_0.5,7,1.361,False,False,,
cpu,rosject CPU,rgb_1783949430639.png,upscale_4x+clahe,8,2.867,True,False,,
cpu,rosject CPU,rgb_1783949430639.png,upscale_4x+sharpen,9,3.910,True,False,,64.646
cpu,rosject CPU,rgb_1783949431147.png,original,1,1.501,True,True,1.501,
cpu,rosject CPU,rgb_1783949431147.png,upscale_4x,2,2.388,True,False,,
cpu,rosject CPU,rgb_1783949431147.png,clahe,3,3.324,True,False,,
cpu,rosject CPU,rgb_1783949431147.png,sharpen,4,3.695,True,False,,
cpu,rosject CPU,rgb_1783949431147.png,gamma_1.5,5,2.202,True,False,,
cpu,rosject CPU,rgb_1783949431147.png,gamma_0.7,6,1.182,False,False,,
cpu,rosject CPU,rgb_1783949431147.png,gamma_0.5,7,1.288,False,False,,
cpu,rosject CPU,rgb_1783949431147.png,upscale_4x+clahe,8,2.895,True,False,,
cpu,rosject CPU,rgb_1783949431147.png,upscale_4x+sharpen,9,4.041,True,False,,65.714
cpu,rosject CPU,rgb_1783949431860.png,original,1,2.629,True,True,2.629,
cpu,rosject CPU,rgb_1783949431860.png,upscale_4x,2,2.718,True,False,,
cpu,rosject CPU,rgb_1783949431860.png,clahe,3,2.973,True,False,,
cpu,rosject CPU,rgb_1783949431860.png,sharpen,4,2.580,True,False,,
cpu,rosject CPU,rgb_1783949431860.png,gamma_1.5,5,1.676,True,False,,
cpu,rosject CPU,rgb_1783949431860.png,gamma_0.7,6,1.655,False,False,,
cpu,rosject CPU,rgb_1783949431860.png,gamma_0.5,7,1.572,False,False,,
cpu,rosject CPU,rgb_1783949431860.png,upscale_4x+clahe,8,2.987,True,False,,
cpu,rosject CPU,rgb_1783949431860.png,upscale_4x+sharpen,9,3.898,True,False,,70.596
cpu,rosject CPU,rgb_1783949432478.png,original,1,1.645,True,True,1.645,
cpu,rosject CPU,rgb_1783949432478.png,upscale_4x,2,2.907,True,False,,
cpu,rosject CPU,rgb_1783949432478.png,clahe,3,2.893,True,False,,
cpu,rosject CPU,rgb_1783949432478.png,sharpen,4,2.632,True,False,,
cpu,rosject CPU,rgb_1783949432478.png,gamma_1.5,5,2.045,True,False,,
cpu,rosject CPU,rgb_1783949432478.png,gamma_0.7,6,2.033,False,False,,
cpu,rosject CPU,rgb_1783949432478.png,gamma_0.5,7,1.458,False,False,,
cpu,rosject CPU,rgb_1783949432478.png,upscale_4x+clahe,8,2.854,True,False,,
cpu,rosject CPU,rgb_1783949432478.png,upscale_4x+sharpen,9,3.444,True,False,,86.430
cpu,rosject CPU,rgb_1783949439811.png,original,1,1.615,False,False,,
cpu,rosject CPU,rgb_1783949439811.png,upscale_4x,2,2.929,False,False,,
cpu,rosject CPU,rgb_1783949439811.png,clahe,3,5.999,True,True,10.543,
cpu,rosject CPU,rgb_1783949439811.png,sharpen,4,3.362,False,False,,
cpu,rosject CPU,rgb_1783949439811.png,gamma_1.5,5,4.547,True,False,,
cpu,rosject CPU,rgb_1783949439811.png,gamma_0.7,6,1.501,False,False,,
cpu,rosject CPU,rgb_1783949439811.png,gamma_0.5,7,0.954,False,False,,
cpu,rosject CPU,rgb_1783949439811.png,upscale_4x+clahe,8,4.253,True,False,,
cpu,rosject CPU,rgb_1783949439811.png,upscale_4x+sharpen,9,4.702,False,False,,89.322
cpu,rosject CPU,rgb_1783949440482.png,original,1,1.636,False,False,,
cpu,rosject CPU,rgb_1783949440482.png,upscale_4x,2,2.492,False,False,,
cpu,rosject CPU,rgb_1783949440482.png,clahe,3,2.647,True,True,6.775,
cpu,rosject CPU,rgb_1783949440482.png,sharpen,4,1.704,True,False,,
cpu,rosject CPU,rgb_1783949440482.png,gamma_1.5,5,3.882,True,False,,
cpu,rosject CPU,rgb_1783949440482.png,gamma_0.7,6,2.447,False,False,,
cpu,rosject CPU,rgb_1783949440482.png,gamma_0.5,7,2.703,False,False,,
cpu,rosject CPU,rgb_1783949440482.png,upscale_4x+clahe,8,2.928,True,False,,
cpu,rosject CPU,rgb_1783949440482.png,upscale_4x+sharpen,9,4.095,True,False,,95.637
cpu,rosject CPU,rgb_1783949441141.png,original,1,1.517,True,True,1.517,
cpu,rosject CPU,rgb_1783949441141.png,upscale_4x,2,2.269,True,False,,
cpu,rosject CPU,rgb_1783949441141.png,clahe,3,4.074,True,False,,
cpu,rosject CPU,rgb_1783949441141.png,sharpen,4,1.776,True,False,,
cpu,rosject CPU,rgb_1783949441141.png,gamma_1.5,5,1.868,True,False,,
cpu,rosject CPU,rgb_1783949441141.png,gamma_0.7,6,1.959,True,False,,
cpu,rosject CPU,rgb_1783949441141.png,gamma_0.5,7,1.537,False,False,,
cpu,rosject CPU,rgb_1783949441141.png,upscale_4x+clahe,8,3.399,True,False,,
cpu,rosject CPU,rgb_1783949441141.png,upscale_4x+sharpen,9,4.904,True,False,,89.603
cpu,rosject CPU,rgb_1783949441827.png,original,1,2.656,True,True,2.656,
cpu,rosject CPU,rgb_1783949441827.png,upscale_4x,2,2.071,True,False,,
cpu,rosject CPU,rgb_1783949441827.png,clahe,3,4.985,True,False,,
cpu,rosject CPU,rgb_1783949441827.png,sharpen,4,2.986,True,False,,
cpu,rosject CPU,rgb_1783949441827.png,gamma_1.5,5,2.904,True,False,,
cpu,rosject CPU,rgb_1783949441827.png,gamma_0.7,6,2.232,True,False,,
cpu,rosject CPU,rgb_1783949441827.png,gamma_0.5,7,2.010,False,False,,
cpu,rosject CPU,rgb_1783949441827.png,upscale_4x+clahe,8,3.023,True,False,,
cpu,rosject CPU,rgb_1783949441827.png,upscale_4x+sharpen,9,4.220,True,False,,97.148
cpu,rosject CPU,rgb_1783949117515.png,,,,False,False,,65.394
cpu,rosject CPU,rgb_1783949172450.png,,,,False,False,,65.169
cpu,rosject CPU,rgb_1783949188947.png,,,,False,False,,61.365
cpu,rosject CPU,rgb_1783949212182.png,,,,False,False,,45.536
cpu,rosject CPU,rgb_1783949331319.png,original,1,1.497,False,False,,
cpu,rosject CPU,rgb_1783949331319.png,upscale_4x,2,1.363,True,True,2.860,
cpu,rosject CPU,rgb_1783949331319.png,clahe,3,0.880,True,False,,
cpu,rosject CPU,rgb_1783949331319.png,sharpen,4,2.179,False,False,,
cpu,rosject CPU,rgb_1783949331319.png,gamma_1.5,5,1.577,False,False,,
cpu,rosject CPU,rgb_1783949331319.png,gamma_0.7,6,2.343,False,False,,
cpu,rosject CPU,rgb_1783949331319.png,gamma_0.5,7,2.585,False,False,,
cpu,rosject CPU,rgb_1783949331319.png,upscale_4x+clahe,8,4.986,True,False,,
cpu,rosject CPU,rgb_1783949331319.png,upscale_4x+sharpen,9,2.554,True,False,,62.678
cpu,rosject CPU,rgb_1783949347807.png,original,1,2.307,False,False,,
cpu,rosject CPU,rgb_1783949347807.png,upscale_4x,2,1.439,True,True,3.746,
cpu,rosject CPU,rgb_1783949347807.png,clahe,3,1.083,True,False,,
cpu,rosject CPU,rgb_1783949347807.png,sharpen,4,1.973,False,False,,
cpu,rosject CPU,rgb_1783949347807.png,gamma_1.5,5,1.970,False,False,,
cpu,rosject CPU,rgb_1783949347807.png,gamma_0.7,6,2.721,False,False,,
cpu,rosject CPU,rgb_1783949347807.png,gamma_0.5,7,1.957,False,False,,
cpu,rosject CPU,rgb_1783949347807.png,upscale_4x+clahe,8,5.591,True,False,,
cpu,rosject CPU,rgb_1783949347807.png,upscale_4x+sharpen,9,2.010,True,False,,62.779
cpu,rosject CPU,rgb_1783949366102.png,original,1,2.764,False,False,,
cpu,rosject CPU,rgb_1783949366102.png,upscale_4x,2,1.984,True,True,4.748,
cpu,rosject CPU,rgb_1783949366102.png,clahe,3,3.008,True,False,,
cpu,rosject CPU,rgb_1783949366102.png,sharpen,4,2.492,False,False,,
cpu,rosject CPU,rgb_1783949366102.png,gamma_1.5,5,3.182,False,False,,
cpu,rosject CPU,rgb_1783949366102.png,gamma_0.7,6,3.257,False,False,,
cpu,rosject CPU,rgb_1783949366102.png,gamma_0.5,7,3.093,False,False,,
cpu,rosject CPU,rgb_1783949366102.png,upscale_4x+clahe,8,8.254,True,False,,
cpu,rosject CPU,rgb_1783949366102.png,upscale_4x+sharpen,9,5.712,True,False,,75.367
cpu,rosject CPU,rgb_1783949386628.png,original,1,0.670,True,True,0.670,
cpu,rosject CPU,rgb_1783949386628.png,upscale_4x,2,1.644,True,False,,
cpu,rosject CPU,rgb_1783949386628.png,clahe,3,2.576,True,False,,
cpu,rosject CPU,rgb_1783949386628.png,sharpen,4,0.912,True,False,,
cpu,rosject CPU,rgb_1783949386628.png,gamma_1.5,5,0.607,True,False,,
cpu,rosject CPU,rgb_1783949386628.png,gamma_0.7,6,0.686,True,False,,
cpu,rosject CPU,rgb_1783949386628.png,gamma_0.5,7,0.703,True,False,,
cpu,rosject CPU,rgb_1783949386628.png,upscale_4x+clahe,8,1.885,True,False,,
cpu,rosject CPU,rgb_1783949386628.png,upscale_4x+sharpen,9,2.325,True,False,,56.593
cpu,rosject CPU,rgb_1783949399518.png,original,1,0.771,True,True,0.771,
cpu,rosject CPU,rgb_1783949399518.png,upscale_4x,2,0.977,True,False,,
cpu,rosject CPU,rgb_1783949399518.png,clahe,3,2.240,True,False,,
cpu,rosject CPU,rgb_1783949399518.png,sharpen,4,0.753,True,False,,
cpu,rosject CPU,rgb_1783949399518.png,gamma_1.5,5,0.767,True,False,,
cpu,rosject CPU,rgb_1783949399518.png,gamma_0.7,6,0.781,True,False,,
cpu,rosject CPU,rgb_1783949399518.png,gamma_0.5,7,0.531,False,False,,
cpu,rosject CPU,rgb_1783949399518.png,upscale_4x+clahe,8,1.377,True,False,,
cpu,rosject CPU,rgb_1783949399518.png,upscale_4x+sharpen,9,1.941,True,False,,53.544
cpu,rosject CPU,rgb_1783949423095.png,original,1,2.328,True,True,2.328,
cpu,rosject CPU,rgb_1783949423095.png,upscale_4x,2,2.365,True,False,,
cpu,rosject CPU,rgb_1783949423095.png,clahe,3,3.660,True,False,,
cpu,rosject CPU,rgb_1783949423095.png,sharpen,4,2.032,True,False,,
cpu,rosject CPU,rgb_1783949423095.png,gamma_1.5,5,1.650,True,False,,
cpu,rosject CPU,rgb_1783949423095.png,gamma_0.7,6,1.843,True,False,,
cpu,rosject CPU,rgb_1783949423095.png,gamma_0.5,7,1.658,False,False,,
cpu,rosject CPU,rgb_1783949423095.png,upscale_4x+clahe,8,3.907,True,False,,
cpu,rosject CPU,rgb_1783949423095.png,upscale_4x+sharpen,9,4.062,True,False,,65.883
cpu,rosject CPU,rgb_1783949433196.png,original,1,1.394,True,True,1.394,
cpu,rosject CPU,rgb_1783949433196.png,upscale_4x,2,2.504,True,False,,
cpu,rosject CPU,rgb_1783949433196.png,clahe,3,2.131,True,False,,
cpu,rosject CPU,rgb_1783949433196.png,sharpen,4,2.711,True,False,,
cpu,rosject CPU,rgb_1783949433196.png,gamma_1.5,5,2.532,True,False,,
cpu,rosject CPU,rgb_1783949433196.png,gamma_0.7,6,1.884,True,False,,
cpu,rosject CPU,rgb_1783949433196.png,gamma_0.5,7,1.188,False,False,,
cpu,rosject CPU,rgb_1783949433196.png,upscale_4x+clahe,8,2.536,True,False,,
cpu,rosject CPU,rgb_1783949433196.png,upscale_4x+sharpen,9,3.862,True,False,,62.853
cpu,rosject CPU,rgb_1783949443155.png,original,1,1.810,True,True,1.810,
cpu,rosject CPU,rgb_1783949443155.png,upscale_4x,2,2.240,True,False,,
cpu,rosject CPU,rgb_1783949443155.png,clahe,3,4.564,True,False,,
cpu,rosject CPU,rgb_1783949443155.png,sharpen,4,2.221,True,False,,
cpu,rosject CPU,rgb_1783949443155.png,gamma_1.5,5,2.229,True,False,,
cpu,rosject CPU,rgb_1783949443155.png,gamma_0.7,6,1.527,True,False,,
cpu,rosject CPU,rgb_1783949443155.png,gamma_0.5,7,1.825,False,False,,
cpu,rosject CPU,rgb_1783949443155.png,upscale_4x+clahe,8,3.096,True,False,,
cpu,rosject CPU,rgb_1783949443155.png,upscale_4x+sharpen,9,3.829,True,False,,66.447
